Emily|Vargas|emily@gmail.com
Olivia|Jones|olivia@gmail.com
Mia|White|mia@yahoo.com
Lilian|Miller|lilian@gmail.com
Charlotte|Loh|charlotte@hotmail.com
Sophia|Davis|sophia@gmail.com
Emma|Chan|emma@gmail.com
Isabella|Williams|isabella@gmail.com
Jessica|Chang|jessica@ymail.com
